<?xml version='1.0' encoding='utf-8'?>
<!DOCTYPE hibernate-configuration PUBLIC
"-//Hibernate/Hibernate Configuration DTD 3.0//EN"
"http://hibernate.sourceforge.net/hibernate-configuration-3.0.dtd">

<hibernate-configuration>
  <session-factory>
    <!-- Database connection settings -->
    <property name="connection.driver_class">oracle.jdbc.driver.OracleDriver</property>
    <property name="connection.url">jdbc:oracle:thin:@192.168.1.2:1521:load</property>
    <property name="connection.username">webapp</property>
    <property name="connection.password">test</property>
    <property name="hibernate.format_sql">true</property>
    <!-- JDBC connection pool (use the built-in) -->
    <property name="connection.pool_size">1</property>
    <!-- SQL dialect -->
    <property name="hibernate.dialect">org.hibernate.dialect.Oracle10gDialect</property>
    <!-- Enable Hibernate's automatic session context management -->
    <property name="hibernate.show_sql">true</property>
    <!-- Drop and re-create the database schema on startup -->
    <property name="hibernate.hbm2ddl.auto">update</property>
    <!--property name="hbm2ddl.auto">update</property-->
   <mapping class="com.demo.model.Employee" />
  </session-factory>
</hibernate-configuration>